CREATE USER registration IDENTIFIED BY 123;
GRANT CONNECT, RESOURCE, DBA TO registration;
GRANT UNLIMITED TABLESPACE TO registration;
GRANT create session TO registration;
GRANT create table TO registration;
GRANT create view TO registration;
GRANT create any trigger TO registration;
GRANT create any procedure TO registration;
GRANT create sequence TO registration;
GRANT create synonym TO registration;
--------------------------------------------------------
--  DDL for Table PERSON
--------------------------------------------------------

  CREATE TABLE "REGISTRATION"."PERSON" 
   (	"ID" NUMBER(*,0), 
	"FIRST_NAME" VARCHAR2(100 BYTE), 
	"SECOND_NAME" VARCHAR2(100 BYTE), 
	"LAST_NAME" VARCHAR2(100 BYTE), 
	"PHONE" VARCHAR2(100 BYTE), 
	"DOC_TITLE" VARCHAR2(100 BYTE)
   ) SEGMENT CREATION IMMEDIATE 
  PCTFREE 10 PCTUSED 40 INITRANS 1 MAXTRANS 255 NOCOMPRESS LOGGING
  STORAGE(INITIAL 65536 NEXT 1048576 MINEXTENTS 1 MAXEXTENTS 2147483645
  PCTINCREASE 0 FREELISTS 1 FREELIST GROUPS 1 BUFFER_POOL DEFAULT FLASH_CACHE DEFAULT CELL_FLASH_CACHE DEFAULT)
  TABLESPACE "SYSTEM" ;
--------------------------------------------------------
--  DDL for Table REGION
--------------------------------------------------------

  CREATE TABLE "REGISTRATION"."REGION" 
   (	"ID" NUMBER(*,0), 
	"TITLE" VARCHAR2(100 BYTE)
   ) SEGMENT CREATION IMMEDIATE 
  PCTFREE 10 PCTUSED 40 INITRANS 1 MAXTRANS 255 NOCOMPRESS LOGGING
  STORAGE(INITIAL 65536 NEXT 1048576 MINEXTENTS 1 MAXEXTENTS 2147483645
  PCTINCREASE 0 FREELISTS 1 FREELIST GROUPS 1 BUFFER_POOL DEFAULT FLASH_CACHE DEFAULT CELL_FLASH_CACHE DEFAULT)
  TABLESPACE "SYSTEM" ;
--------------------------------------------------------
--  DDL for Table REGISTRATION
--------------------------------------------------------

  CREATE TABLE "REGISTRATION"."REGISTRATION" 
   (	"ID" NUMBER(*,0), 
	"PERSON_ID" NUMBER(*,0), 
	"ROOM_ID" NUMBER(*,0)
   ) SEGMENT CREATION IMMEDIATE 
  PCTFREE 10 PCTUSED 40 INITRANS 1 MAXTRANS 255 NOCOMPRESS LOGGING
  STORAGE(INITIAL 65536 NEXT 1048576 MINEXTENTS 1 MAXEXTENTS 2147483645
  PCTINCREASE 0 FREELISTS 1 FREELIST GROUPS 1 BUFFER_POOL DEFAULT FLASH_CACHE DEFAULT CELL_FLASH_CACHE DEFAULT)
  TABLESPACE "SYSTEM" ;
--------------------------------------------------------
--  DDL for Table ROOM
--------------------------------------------------------

  CREATE TABLE "REGISTRATION"."ROOM" 
   (	"ID" NUMBER(*,0), 
	"REGION_ID" NUMBER(*,0), 
	"STREET_ID" NUMBER(*,0), 
	"ROOM_OWNER" NUMBER(*,0), 
	"ROOM_NUMBER" NUMBER(*,0)
   ) SEGMENT CREATION IMMEDIATE 
  PCTFREE 10 PCTUSED 40 INITRANS 1 MAXTRANS 255 NOCOMPRESS LOGGING
  STORAGE(INITIAL 65536 NEXT 1048576 MINEXTENTS 1 MAXEXTENTS 2147483645
  PCTINCREASE 0 FREELISTS 1 FREELIST GROUPS 1 BUFFER_POOL DEFAULT FLASH_CACHE DEFAULT CELL_FLASH_CACHE DEFAULT)
  TABLESPACE "SYSTEM" ;
--------------------------------------------------------
--  DDL for Table STREET
--------------------------------------------------------

  CREATE TABLE "REGISTRATION"."STREET" 
   (	"ID" NUMBER(*,0), 
	"TITLE" VARCHAR2(100 BYTE)
   ) SEGMENT CREATION IMMEDIATE 
  PCTFREE 10 PCTUSED 40 INITRANS 1 MAXTRANS 255 NOCOMPRESS LOGGING
  STORAGE(INITIAL 65536 NEXT 1048576 MINEXTENTS 1 MAXEXTENTS 2147483645
  PCTINCREASE 0 FREELISTS 1 FREELIST GROUPS 1 BUFFER_POOL DEFAULT FLASH_CACHE DEFAULT CELL_FLASH_CACHE DEFAULT)
  TABLESPACE "SYSTEM" ;
--------------------------------------------------------
--  Constraints for Table PERSON
--------------------------------------------------------

  ALTER TABLE "REGISTRATION"."PERSON" ADD PRIMARY KEY ("ID")
  USING INDEX PCTFREE 10 INITRANS 2 MAXTRANS 255 
  STORAGE(INITIAL 65536 NEXT 1048576 MINEXTENTS 1 MAXEXTENTS 2147483645
  PCTINCREASE 0 FREELISTS 1 FREELIST GROUPS 1 BUFFER_POOL DEFAULT FLASH_CACHE DEFAULT CELL_FLASH_CACHE DEFAULT)
  TABLESPACE "SYSTEM"  ENABLE;
  ALTER TABLE "REGISTRATION"."PERSON" MODIFY ("DOC_TITLE" NOT NULL ENABLE);
  ALTER TABLE "REGISTRATION"."PERSON" MODIFY ("PHONE" NOT NULL ENABLE);
  ALTER TABLE "REGISTRATION"."PERSON" MODIFY ("SECOND_NAME" NOT NULL ENABLE);
  ALTER TABLE "REGISTRATION"."PERSON" MODIFY ("FIRST_NAME" NOT NULL ENABLE);
  ALTER TABLE "REGISTRATION"."PERSON" MODIFY ("ID" NOT NULL ENABLE);
--------------------------------------------------------
--  Constraints for Table ROOM
--------------------------------------------------------

  ALTER TABLE "REGISTRATION"."ROOM" ADD PRIMARY KEY ("ID")
  USING INDEX PCTFREE 10 INITRANS 2 MAXTRANS 255 
  STORAGE(INITIAL 65536 NEXT 1048576 MINEXTENTS 1 MAXEXTENTS 2147483645
  PCTINCREASE 0 FREELISTS 1 FREELIST GROUPS 1 BUFFER_POOL DEFAULT FLASH_CACHE DEFAULT CELL_FLASH_CACHE DEFAULT)
  TABLESPACE "SYSTEM"  ENABLE;
  ALTER TABLE "REGISTRATION"."ROOM" MODIFY ("ROOM_NUMBER" NOT NULL ENABLE);
  ALTER TABLE "REGISTRATION"."ROOM" MODIFY ("ROOM_OWNER" NOT NULL ENABLE);
  ALTER TABLE "REGISTRATION"."ROOM" MODIFY ("STREET_ID" NOT NULL ENABLE);
  ALTER TABLE "REGISTRATION"."ROOM" MODIFY ("REGION_ID" NOT NULL ENABLE);
  ALTER TABLE "REGISTRATION"."ROOM" MODIFY ("ID" NOT NULL ENABLE);
--------------------------------------------------------
--  Constraints for Table REGION
--------------------------------------------------------

  ALTER TABLE "REGISTRATION"."REGION" ADD PRIMARY KEY ("ID")
  USING INDEX PCTFREE 10 INITRANS 2 MAXTRANS 255 
  STORAGE(INITIAL 65536 NEXT 1048576 MINEXTENTS 1 MAXEXTENTS 2147483645
  PCTINCREASE 0 FREELISTS 1 FREELIST GROUPS 1 BUFFER_POOL DEFAULT FLASH_CACHE DEFAULT CELL_FLASH_CACHE DEFAULT)
  TABLESPACE "SYSTEM"  ENABLE;
  ALTER TABLE "REGISTRATION"."REGION" MODIFY ("TITLE" NOT NULL ENABLE);
  ALTER TABLE "REGISTRATION"."REGION" MODIFY ("ID" NOT NULL ENABLE);
--------------------------------------------------------
--  Constraints for Table REGISTRATION
--------------------------------------------------------

  ALTER TABLE "REGISTRATION"."REGISTRATION" ADD PRIMARY KEY ("ID")
  USING INDEX PCTFREE 10 INITRANS 2 MAXTRANS 255 
  STORAGE(INITIAL 65536 NEXT 1048576 MINEXTENTS 1 MAXEXTENTS 2147483645
  PCTINCREASE 0 FREELISTS 1 FREELIST GROUPS 1 BUFFER_POOL DEFAULT FLASH_CACHE DEFAULT CELL_FLASH_CACHE DEFAULT)
  TABLESPACE "SYSTEM"  ENABLE;
  ALTER TABLE "REGISTRATION"."REGISTRATION" MODIFY ("ROOM_ID" NOT NULL ENABLE);
  ALTER TABLE "REGISTRATION"."REGISTRATION" MODIFY ("PERSON_ID" NOT NULL ENABLE);
  ALTER TABLE "REGISTRATION"."REGISTRATION" MODIFY ("ID" NOT NULL ENABLE);
--------------------------------------------------------
--  Constraints for Table STREET
--------------------------------------------------------

  ALTER TABLE "REGISTRATION"."STREET" ADD PRIMARY KEY ("ID")
  USING INDEX PCTFREE 10 INITRANS 2 MAXTRANS 255 
  STORAGE(INITIAL 65536 NEXT 1048576 MINEXTENTS 1 MAXEXTENTS 2147483645
  PCTINCREASE 0 FREELISTS 1 FREELIST GROUPS 1 BUFFER_POOL DEFAULT FLASH_CACHE DEFAULT CELL_FLASH_CACHE DEFAULT)
  TABLESPACE "SYSTEM"  ENABLE;
  ALTER TABLE "REGISTRATION"."STREET" MODIFY ("TITLE" NOT NULL ENABLE);
  ALTER TABLE "REGISTRATION"."STREET" MODIFY ("ID" NOT NULL ENABLE);
--------------------------------------------------------
--  DDL for Sequence PERSON_SEQ
--------------------------------------------------------

   CREATE SEQUENCE  "REGISTRATION"."PERSON_SEQ"  MINVALUE 1 MAXVALUE 9999999999999999999999999999 INCREMENT BY 1 START WITH 61 CACHE 20 NOORDER  NOCYCLE ;
--------------------------------------------------------
--  DDL for Sequence REGION_SEQ
--------------------------------------------------------

   CREATE SEQUENCE  "REGISTRATION"."REGION_SEQ"  MINVALUE 1 MAXVALUE 9999999999999999999999999999 INCREMENT BY 1 START WITH 61 CACHE 20 NOORDER  NOCYCLE ;
--------------------------------------------------------
--  DDL for Sequence REGISTRATION_SEQ
--------------------------------------------------------

   CREATE SEQUENCE  "REGISTRATION"."REGISTRATION_SEQ"  MINVALUE 1 MAXVALUE 9999999999999999999999999999 INCREMENT BY 1 START WITH 61 CACHE 20 NOORDER  NOCYCLE ;
--------------------------------------------------------
--  DDL for Sequence ROOM_SEQ
--------------------------------------------------------

   CREATE SEQUENCE  "REGISTRATION"."ROOM_SEQ"  MINVALUE 1 MAXVALUE 9999999999999999999999999999 INCREMENT BY 1 START WITH 61 CACHE 20 NOORDER  NOCYCLE ;
--------------------------------------------------------
--  DDL for Sequence STREET_SEQ
--------------------------------------------------------

   CREATE SEQUENCE  "REGISTRATION"."STREET_SEQ"  MINVALUE 1 MAXVALUE 9999999999999999999999999999 INCREMENT BY 1 START WITH 61 CACHE 20 NOORDER  NOCYCLE ;

--------------------------------------------------------
--  DDL for Trigger PERSON_TRG
--------------------------------------------------------

  CREATE OR REPLACE TRIGGER "REGISTRATION"."PERSON_TRG" 
    BEFORE INSERT ON "REGISTRATION"."PERSON"
    FOR EACH ROW
     WHEN (new.ID IS NULL) BEGIN
      SELECT person_seq.NEXTVAL
    INTO   :new.ID
      FROM   dual;
    END;
/
ALTER TRIGGER "REGISTRATION"."PERSON_TRG" ENABLE;
--------------------------------------------------------
--  DDL for Trigger REGION_TRG
--------------------------------------------------------

  CREATE OR REPLACE TRIGGER "REGISTRATION"."REGION_TRG" 
    BEFORE INSERT ON "REGISTRATION"."REGION"
    FOR EACH ROW
     WHEN (new.ID IS NULL) BEGIN
      SELECT region_seq.NEXTVAL
    INTO   :new.ID
      FROM   dual;
    END;
/
ALTER TRIGGER "REGISTRATION"."REGION_TRG" ENABLE;
--------------------------------------------------------
--  DDL for Trigger REGISTRATION_TRG
--------------------------------------------------------

  CREATE OR REPLACE TRIGGER "REGISTRATION"."REGISTRATION_TRG" 
    BEFORE INSERT ON "REGISTRATION"."REGISTRATION"
    FOR EACH ROW
     WHEN (new.ID IS NULL) BEGIN
      SELECT registration_seq.NEXTVAL
    INTO   :new.ID
      FROM   dual;
    END;
/
ALTER TRIGGER "REGISTRATION"."REGISTRATION_TRG" ENABLE;
--------------------------------------------------------
--  DDL for Trigger ROOM_TRG
--------------------------------------------------------

  CREATE OR REPLACE TRIGGER "REGISTRATION"."ROOM_TRG" 
    BEFORE INSERT ON "REGISTRATION"."ROOM"
    FOR EACH ROW
     WHEN (new.ID IS NULL) BEGIN
      SELECT room_seq.NEXTVAL
    INTO   :new.ID
      FROM   dual;
    END;
/
ALTER TRIGGER "REGISTRATION"."ROOM_TRG" ENABLE;
--------------------------------------------------------
--  DDL for Trigger STREET_TRG
--------------------------------------------------------

  CREATE OR REPLACE TRIGGER "REGISTRATION"."STREET_TRG" 
    BEFORE INSERT ON "REGISTRATION"."STREET"    FOR EACH ROW
     WHEN (new.ID IS NULL) BEGIN
      SELECT street_seq.NEXTVAL
    INTO   :new.ID
      FROM   dual;
    END;
/
ALTER TRIGGER "REGISTRATION"."STREET_TRG" ENABLE;

REM INSERTING into REGISTRATION.PERSON
SET DEFINE OFF;
Insert into REGISTRATION.PERSON (ID,FIRST_NAME,SECOND_NAME,LAST_NAME,PHONE,DOC_TITLE) values ('1','Lorine','Vile','Lorine Vile','741-398-3891','UDOSTOVERENIE');
Insert into REGISTRATION.PERSON (ID,FIRST_NAME,SECOND_NAME,LAST_NAME,PHONE,DOC_TITLE) values ('2','Toiboid','Prestie','Toiboid Prestie','368-423-6923','PASPORT');
Insert into REGISTRATION.PERSON (ID,FIRST_NAME,SECOND_NAME,LAST_NAME,PHONE,DOC_TITLE) values ('3','Becca','Kearn','Becca Kearn','998-239-6073','PASPORT');
Insert into REGISTRATION.PERSON (ID,FIRST_NAME,SECOND_NAME,LAST_NAME,PHONE,DOC_TITLE) values ('4','Jake','Erangey','Jake Erangey','474-815-3734','PASPORT');
Insert into REGISTRATION.PERSON (ID,FIRST_NAME,SECOND_NAME,LAST_NAME,PHONE,DOC_TITLE) values ('5','Boote','Casillis','Boote Casillis','270-656-5574','UDOSTOVERENIE');
Insert into REGISTRATION.PERSON (ID,FIRST_NAME,SECOND_NAME,LAST_NAME,PHONE,DOC_TITLE) values ('6','Shaylynn','Warr','Shaylynn Warr','956-421-5124','UDOSTOVERENIE');
Insert into REGISTRATION.PERSON (ID,FIRST_NAME,SECOND_NAME,LAST_NAME,PHONE,DOC_TITLE) values ('7','Mersey','O''Canavan','Mersey O''Canavan','649-577-1877','PASPORT');
Insert into REGISTRATION.PERSON (ID,FIRST_NAME,SECOND_NAME,LAST_NAME,PHONE,DOC_TITLE) values ('8','Tierney','Laxston','Tierney Laxston','265-233-4896','UDOSTOVERENIE');
Insert into REGISTRATION.PERSON (ID,FIRST_NAME,SECOND_NAME,LAST_NAME,PHONE,DOC_TITLE) values ('9','Rudd','Lapenna','Rudd Lapenna','986-733-6434','UDOSTOVERENIE');
Insert into REGISTRATION.PERSON (ID,FIRST_NAME,SECOND_NAME,LAST_NAME,PHONE,DOC_TITLE) values ('10','Shea','Wannan','Shea Wannan','288-924-2725','PASPORT');
Insert into REGISTRATION.PERSON (ID,FIRST_NAME,SECOND_NAME,LAST_NAME,PHONE,DOC_TITLE) values ('11','Catherin','Hambers','Catherin Hambers','835-780-6632','UDOSTOVERENIE');
Insert into REGISTRATION.PERSON (ID,FIRST_NAME,SECOND_NAME,LAST_NAME,PHONE,DOC_TITLE) values ('12','Tiffany','Gilderoy','Tiffany Gilderoy','422-324-5426','UDOSTOVERENIE');
Insert into REGISTRATION.PERSON (ID,FIRST_NAME,SECOND_NAME,LAST_NAME,PHONE,DOC_TITLE) values ('13','Brana','Trevon','Brana Trevon','815-252-9829','PASPORT');
Insert into REGISTRATION.PERSON (ID,FIRST_NAME,SECOND_NAME,LAST_NAME,PHONE,DOC_TITLE) values ('14','Dyanna','Foxwell','Dyanna Foxwell','314-129-3594','PASPORT');
Insert into REGISTRATION.PERSON (ID,FIRST_NAME,SECOND_NAME,LAST_NAME,PHONE,DOC_TITLE) values ('15','Quincy','Giovanetti','Quincy Giovanetti','289-325-7887','PASPORT');
Insert into REGISTRATION.PERSON (ID,FIRST_NAME,SECOND_NAME,LAST_NAME,PHONE,DOC_TITLE) values ('16','Moll','Lenthall','Moll Lenthall','465-741-7069','PASPORT');
Insert into REGISTRATION.PERSON (ID,FIRST_NAME,SECOND_NAME,LAST_NAME,PHONE,DOC_TITLE) values ('17','Cristin','Kupke','Cristin Kupke','643-579-5471','PASPORT');
Insert into REGISTRATION.PERSON (ID,FIRST_NAME,SECOND_NAME,LAST_NAME,PHONE,DOC_TITLE) values ('18','Galina','Wabb','Galina Wabb','413-581-4573','PASPORT');
Insert into REGISTRATION.PERSON (ID,FIRST_NAME,SECOND_NAME,LAST_NAME,PHONE,DOC_TITLE) values ('19','Dotty','Cabotto','Dotty Cabotto','250-983-1737','PASPORT');
Insert into REGISTRATION.PERSON (ID,FIRST_NAME,SECOND_NAME,LAST_NAME,PHONE,DOC_TITLE) values ('20','Rubetta','Olney','Rubetta Olney','625-850-6821','PASPORT');
Insert into REGISTRATION.PERSON (ID,FIRST_NAME,SECOND_NAME,LAST_NAME,PHONE,DOC_TITLE) values ('21','Rochell','Begley','Rochell Begley','994-314-6423','UDOSTOVERENIE');
Insert into REGISTRATION.PERSON (ID,FIRST_NAME,SECOND_NAME,LAST_NAME,PHONE,DOC_TITLE) values ('22','Constantine','Allatt','Constantine Allatt','794-342-1176','PASPORT');
Insert into REGISTRATION.PERSON (ID,FIRST_NAME,SECOND_NAME,LAST_NAME,PHONE,DOC_TITLE) values ('23','Danie','Challiss','Danie Challiss','761-939-7093','PASPORT');
Insert into REGISTRATION.PERSON (ID,FIRST_NAME,SECOND_NAME,LAST_NAME,PHONE,DOC_TITLE) values ('24','Godfrey','Kneal','Godfrey Kneal','927-536-8331','UDOSTOVERENIE');
Insert into REGISTRATION.PERSON (ID,FIRST_NAME,SECOND_NAME,LAST_NAME,PHONE,DOC_TITLE) values ('25','Marilin','Oakhill','Marilin Oakhill','912-481-5189','PASPORT');
Insert into REGISTRATION.PERSON (ID,FIRST_NAME,SECOND_NAME,LAST_NAME,PHONE,DOC_TITLE) values ('26','Caesar','Ciardo','Caesar Ciardo','324-960-4259','PASPORT');
Insert into REGISTRATION.PERSON (ID,FIRST_NAME,SECOND_NAME,LAST_NAME,PHONE,DOC_TITLE) values ('27','Alanson','Kreuzer','Alanson Kreuzer','678-196-8482','UDOSTOVERENIE');
Insert into REGISTRATION.PERSON (ID,FIRST_NAME,SECOND_NAME,LAST_NAME,PHONE,DOC_TITLE) values ('28','Neile','Gabbett','Neile Gabbett','861-820-4363','PASPORT');
Insert into REGISTRATION.PERSON (ID,FIRST_NAME,SECOND_NAME,LAST_NAME,PHONE,DOC_TITLE) values ('29','Dev','Witchalls','Dev Witchalls','104-952-9576','UDOSTOVERENIE');
Insert into REGISTRATION.PERSON (ID,FIRST_NAME,SECOND_NAME,LAST_NAME,PHONE,DOC_TITLE) values ('30','Lian','Beardshall','Lian Beardshall','203-768-5118','PASPORT');
Insert into REGISTRATION.PERSON (ID,FIRST_NAME,SECOND_NAME,LAST_NAME,PHONE,DOC_TITLE) values ('31','Aviva','Pummell','Aviva Pummell','279-330-5317','UDOSTOVERENIE');
Insert into REGISTRATION.PERSON (ID,FIRST_NAME,SECOND_NAME,LAST_NAME,PHONE,DOC_TITLE) values ('32','Pieter','Arnaez','Pieter Arnaez','166-329-2814','PASPORT');
Insert into REGISTRATION.PERSON (ID,FIRST_NAME,SECOND_NAME,LAST_NAME,PHONE,DOC_TITLE) values ('33','Florrie','Abendroth','Florrie Abendroth','963-770-0092','PASPORT');
Insert into REGISTRATION.PERSON (ID,FIRST_NAME,SECOND_NAME,LAST_NAME,PHONE,DOC_TITLE) values ('34','Tabb','Maciak','Tabb Maciak','194-185-7124','UDOSTOVERENIE');
Insert into REGISTRATION.PERSON (ID,FIRST_NAME,SECOND_NAME,LAST_NAME,PHONE,DOC_TITLE) values ('35','Erika','Verrick','Erika Verrick','225-162-3851','PASPORT');
Insert into REGISTRATION.PERSON (ID,FIRST_NAME,SECOND_NAME,LAST_NAME,PHONE,DOC_TITLE) values ('36','Timmy','Jaksic','Timmy Jaksic','499-916-1424','UDOSTOVERENIE');
Insert into REGISTRATION.PERSON (ID,FIRST_NAME,SECOND_NAME,LAST_NAME,PHONE,DOC_TITLE) values ('37','Henrik','Yelland','Henrik Yelland','963-330-5491','PASPORT');
Insert into REGISTRATION.PERSON (ID,FIRST_NAME,SECOND_NAME,LAST_NAME,PHONE,DOC_TITLE) values ('38','Minta','Stoke','Minta Stoke','830-408-3257','UDOSTOVERENIE');
Insert into REGISTRATION.PERSON (ID,FIRST_NAME,SECOND_NAME,LAST_NAME,PHONE,DOC_TITLE) values ('39','Milton','Tamblyn','Milton Tamblyn','738-539-1511','UDOSTOVERENIE');
Insert into REGISTRATION.PERSON (ID,FIRST_NAME,SECOND_NAME,LAST_NAME,PHONE,DOC_TITLE) values ('40','Emilee','Haycock','Emilee Haycock','541-195-8793','UDOSTOVERENIE');
Insert into REGISTRATION.PERSON (ID,FIRST_NAME,SECOND_NAME,LAST_NAME,PHONE,DOC_TITLE) values ('41','Farrell','Nolleau','Farrell Nolleau','291-335-1845','UDOSTOVERENIE');
Insert into REGISTRATION.PERSON (ID,FIRST_NAME,SECOND_NAME,LAST_NAME,PHONE,DOC_TITLE) values ('42','Amara','Hamments','Amara Hamments','800-457-6801','PASPORT');
Insert into REGISTRATION.PERSON (ID,FIRST_NAME,SECOND_NAME,LAST_NAME,PHONE,DOC_TITLE) values ('43','Barnabe','Pink','Barnabe Pink','451-853-7341','UDOSTOVERENIE');
Insert into REGISTRATION.PERSON (ID,FIRST_NAME,SECOND_NAME,LAST_NAME,PHONE,DOC_TITLE) values ('44','Hallie','McGuinness','Hallie McGuinness','176-796-2552','UDOSTOVERENIE');
Insert into REGISTRATION.PERSON (ID,FIRST_NAME,SECOND_NAME,LAST_NAME,PHONE,DOC_TITLE) values ('45','Jaclyn','Boram','Jaclyn Boram','348-703-2646','PASPORT');
Insert into REGISTRATION.PERSON (ID,FIRST_NAME,SECOND_NAME,LAST_NAME,PHONE,DOC_TITLE) values ('46','Yancey','Umpleby','Yancey Umpleby','202-818-9774','PASPORT');
Insert into REGISTRATION.PERSON (ID,FIRST_NAME,SECOND_NAME,LAST_NAME,PHONE,DOC_TITLE) values ('47','Evelina','Upex','Evelina Upex','346-303-6944','UDOSTOVERENIE');
Insert into REGISTRATION.PERSON (ID,FIRST_NAME,SECOND_NAME,LAST_NAME,PHONE,DOC_TITLE) values ('48','Gherardo','Issitt','Gherardo Issitt','275-534-8622','UDOSTOVERENIE');
Insert into REGISTRATION.PERSON (ID,FIRST_NAME,SECOND_NAME,LAST_NAME,PHONE,DOC_TITLE) values ('49','Matthiew','Grabeham','Matthiew Grabeham','216-910-8054','UDOSTOVERENIE');
Insert into REGISTRATION.PERSON (ID,FIRST_NAME,SECOND_NAME,LAST_NAME,PHONE,DOC_TITLE) values ('50','Mattias','Dawtre','Mattias Dawtre','612-453-3978','PASPORT');
REM INSERTING into REGISTRATION.REGION
SET DEFINE OFF;
Insert into REGISTRATION.REGION (ID,TITLE) values ('1','California');
Insert into REGISTRATION.REGION (ID,TITLE) values ('2','California');
Insert into REGISTRATION.REGION (ID,TITLE) values ('3','Florida');
Insert into REGISTRATION.REGION (ID,TITLE) values ('4','Texas');
Insert into REGISTRATION.REGION (ID,TITLE) values ('5','Iowa');
Insert into REGISTRATION.REGION (ID,TITLE) values ('6','Texas');
Insert into REGISTRATION.REGION (ID,TITLE) values ('7','Georgia');
Insert into REGISTRATION.REGION (ID,TITLE) values ('8','New York');
Insert into REGISTRATION.REGION (ID,TITLE) values ('9','Texas');
Insert into REGISTRATION.REGION (ID,TITLE) values ('10','Pennsylvania');
Insert into REGISTRATION.REGION (ID,TITLE) values ('11','Colorado');
Insert into REGISTRATION.REGION (ID,TITLE) values ('12','Utah');
Insert into REGISTRATION.REGION (ID,TITLE) values ('13','New York');
Insert into REGISTRATION.REGION (ID,TITLE) values ('14','California');
Insert into REGISTRATION.REGION (ID,TITLE) values ('15','Florida');
Insert into REGISTRATION.REGION (ID,TITLE) values ('16','Mississippi');
Insert into REGISTRATION.REGION (ID,TITLE) values ('17','Nebraska');
Insert into REGISTRATION.REGION (ID,TITLE) values ('18','New York');
Insert into REGISTRATION.REGION (ID,TITLE) values ('19','Florida');
Insert into REGISTRATION.REGION (ID,TITLE) values ('20','Pennsylvania');
Insert into REGISTRATION.REGION (ID,TITLE) values ('21','South Carolina');
Insert into REGISTRATION.REGION (ID,TITLE) values ('22','Nevada');
Insert into REGISTRATION.REGION (ID,TITLE) values ('23','Arizona');
Insert into REGISTRATION.REGION (ID,TITLE) values ('24','Mississippi');
Insert into REGISTRATION.REGION (ID,TITLE) values ('25','Washington');
Insert into REGISTRATION.REGION (ID,TITLE) values ('26','Florida');
Insert into REGISTRATION.REGION (ID,TITLE) values ('27','California');
Insert into REGISTRATION.REGION (ID,TITLE) values ('28','Georgia');
Insert into REGISTRATION.REGION (ID,TITLE) values ('29','Texas');
Insert into REGISTRATION.REGION (ID,TITLE) values ('30','Oregon');
Insert into REGISTRATION.REGION (ID,TITLE) values ('31','Wisconsin');
Insert into REGISTRATION.REGION (ID,TITLE) values ('32','Virginia');
Insert into REGISTRATION.REGION (ID,TITLE) values ('33','Ohio');
Insert into REGISTRATION.REGION (ID,TITLE) values ('34','Hawaii');
Insert into REGISTRATION.REGION (ID,TITLE) values ('35','Washington');
Insert into REGISTRATION.REGION (ID,TITLE) values ('36','Wisconsin');
Insert into REGISTRATION.REGION (ID,TITLE) values ('37','Ohio');
Insert into REGISTRATION.REGION (ID,TITLE) values ('38','Texas');
Insert into REGISTRATION.REGION (ID,TITLE) values ('39','North Carolina');
Insert into REGISTRATION.REGION (ID,TITLE) values ('40','California');
Insert into REGISTRATION.REGION (ID,TITLE) values ('41','California');
Insert into REGISTRATION.REGION (ID,TITLE) values ('42','Pennsylvania');
Insert into REGISTRATION.REGION (ID,TITLE) values ('43','California');
Insert into REGISTRATION.REGION (ID,TITLE) values ('44','New Jersey');
Insert into REGISTRATION.REGION (ID,TITLE) values ('45','Florida');
Insert into REGISTRATION.REGION (ID,TITLE) values ('46','Kansas');
Insert into REGISTRATION.REGION (ID,TITLE) values ('47','Colorado');
Insert into REGISTRATION.REGION (ID,TITLE) values ('48','Florida');
Insert into REGISTRATION.REGION (ID,TITLE) values ('49','Illinois');
Insert into REGISTRATION.REGION (ID,TITLE) values ('50','California');
REM INSERTING into REGISTRATION.REGISTRATION
SET DEFINE OFF;
Insert into REGISTRATION.REGISTRATION (ID,PERSON_ID,ROOM_ID) values ('1','3','24');
Insert into REGISTRATION.REGISTRATION (ID,PERSON_ID,ROOM_ID) values ('2','14','13');
Insert into REGISTRATION.REGISTRATION (ID,PERSON_ID,ROOM_ID) values ('3','3','6');
Insert into REGISTRATION.REGISTRATION (ID,PERSON_ID,ROOM_ID) values ('4','13','20');
Insert into REGISTRATION.REGISTRATION (ID,PERSON_ID,ROOM_ID) values ('5','7','29');
Insert into REGISTRATION.REGISTRATION (ID,PERSON_ID,ROOM_ID) values ('6','5','24');
Insert into REGISTRATION.REGISTRATION (ID,PERSON_ID,ROOM_ID) values ('7','23','16');
Insert into REGISTRATION.REGISTRATION (ID,PERSON_ID,ROOM_ID) values ('8','13','16');
Insert into REGISTRATION.REGISTRATION (ID,PERSON_ID,ROOM_ID) values ('9','21','25');
Insert into REGISTRATION.REGISTRATION (ID,PERSON_ID,ROOM_ID) values ('10','28','21');
Insert into REGISTRATION.REGISTRATION (ID,PERSON_ID,ROOM_ID) values ('11','15','22');
Insert into REGISTRATION.REGISTRATION (ID,PERSON_ID,ROOM_ID) values ('12','12','25');
Insert into REGISTRATION.REGISTRATION (ID,PERSON_ID,ROOM_ID) values ('13','16','3');
Insert into REGISTRATION.REGISTRATION (ID,PERSON_ID,ROOM_ID) values ('14','23','15');
Insert into REGISTRATION.REGISTRATION (ID,PERSON_ID,ROOM_ID) values ('15','5','28');
Insert into REGISTRATION.REGISTRATION (ID,PERSON_ID,ROOM_ID) values ('16','9','28');
Insert into REGISTRATION.REGISTRATION (ID,PERSON_ID,ROOM_ID) values ('17','15','24');
Insert into REGISTRATION.REGISTRATION (ID,PERSON_ID,ROOM_ID) values ('18','14','9');
Insert into REGISTRATION.REGISTRATION (ID,PERSON_ID,ROOM_ID) values ('19','11','4');
Insert into REGISTRATION.REGISTRATION (ID,PERSON_ID,ROOM_ID) values ('20','28','18');
Insert into REGISTRATION.REGISTRATION (ID,PERSON_ID,ROOM_ID) values ('21','29','16');
Insert into REGISTRATION.REGISTRATION (ID,PERSON_ID,ROOM_ID) values ('22','17','11');
Insert into REGISTRATION.REGISTRATION (ID,PERSON_ID,ROOM_ID) values ('23','15','27');
Insert into REGISTRATION.REGISTRATION (ID,PERSON_ID,ROOM_ID) values ('24','14','20');
Insert into REGISTRATION.REGISTRATION (ID,PERSON_ID,ROOM_ID) values ('25','3','13');
Insert into REGISTRATION.REGISTRATION (ID,PERSON_ID,ROOM_ID) values ('26','28','6');
Insert into REGISTRATION.REGISTRATION (ID,PERSON_ID,ROOM_ID) values ('27','17','9');
Insert into REGISTRATION.REGISTRATION (ID,PERSON_ID,ROOM_ID) values ('28','27','22');
Insert into REGISTRATION.REGISTRATION (ID,PERSON_ID,ROOM_ID) values ('29','9','6');
Insert into REGISTRATION.REGISTRATION (ID,PERSON_ID,ROOM_ID) values ('30','17','22');
Insert into REGISTRATION.REGISTRATION (ID,PERSON_ID,ROOM_ID) values ('31','4','8');
Insert into REGISTRATION.REGISTRATION (ID,PERSON_ID,ROOM_ID) values ('32','4','17');
Insert into REGISTRATION.REGISTRATION (ID,PERSON_ID,ROOM_ID) values ('33','19','21');
Insert into REGISTRATION.REGISTRATION (ID,PERSON_ID,ROOM_ID) values ('34','9','10');
Insert into REGISTRATION.REGISTRATION (ID,PERSON_ID,ROOM_ID) values ('35','14','30');
Insert into REGISTRATION.REGISTRATION (ID,PERSON_ID,ROOM_ID) values ('36','23','22');
Insert into REGISTRATION.REGISTRATION (ID,PERSON_ID,ROOM_ID) values ('37','25','29');
Insert into REGISTRATION.REGISTRATION (ID,PERSON_ID,ROOM_ID) values ('38','18','30');
Insert into REGISTRATION.REGISTRATION (ID,PERSON_ID,ROOM_ID) values ('39','29','19');
Insert into REGISTRATION.REGISTRATION (ID,PERSON_ID,ROOM_ID) values ('40','18','29');
Insert into REGISTRATION.REGISTRATION (ID,PERSON_ID,ROOM_ID) values ('41','23','11');
Insert into REGISTRATION.REGISTRATION (ID,PERSON_ID,ROOM_ID) values ('42','29','27');
Insert into REGISTRATION.REGISTRATION (ID,PERSON_ID,ROOM_ID) values ('43','27','27');
Insert into REGISTRATION.REGISTRATION (ID,PERSON_ID,ROOM_ID) values ('44','7','15');
Insert into REGISTRATION.REGISTRATION (ID,PERSON_ID,ROOM_ID) values ('45','10','6');
Insert into REGISTRATION.REGISTRATION (ID,PERSON_ID,ROOM_ID) values ('46','21','13');
Insert into REGISTRATION.REGISTRATION (ID,PERSON_ID,ROOM_ID) values ('47','18','13');
Insert into REGISTRATION.REGISTRATION (ID,PERSON_ID,ROOM_ID) values ('48','26','22');
Insert into REGISTRATION.REGISTRATION (ID,PERSON_ID,ROOM_ID) values ('49','16','11');
Insert into REGISTRATION.REGISTRATION (ID,PERSON_ID,ROOM_ID) values ('50','22','20');
REM INSERTING into REGISTRATION.ROOM
SET DEFINE OFF;
Insert into REGISTRATION.ROOM (ID,REGION_ID,STREET_ID,ROOM_OWNER,ROOM_NUMBER) values ('1','2','31','34','49');
Insert into REGISTRATION.ROOM (ID,REGION_ID,STREET_ID,ROOM_OWNER,ROOM_NUMBER) values ('2','40','8','20','120');
Insert into REGISTRATION.ROOM (ID,REGION_ID,STREET_ID,ROOM_OWNER,ROOM_NUMBER) values ('3','45','17','49','274');
Insert into REGISTRATION.ROOM (ID,REGION_ID,STREET_ID,ROOM_OWNER,ROOM_NUMBER) values ('4','50','15','32','150');
Insert into REGISTRATION.ROOM (ID,REGION_ID,STREET_ID,ROOM_OWNER,ROOM_NUMBER) values ('5','19','11','23','4');
Insert into REGISTRATION.ROOM (ID,REGION_ID,STREET_ID,ROOM_OWNER,ROOM_NUMBER) values ('6','49','42','50','97');
Insert into REGISTRATION.ROOM (ID,REGION_ID,STREET_ID,ROOM_OWNER,ROOM_NUMBER) values ('7','25','19','29','15');
Insert into REGISTRATION.ROOM (ID,REGION_ID,STREET_ID,ROOM_OWNER,ROOM_NUMBER) values ('8','24','35','47','199');
Insert into REGISTRATION.ROOM (ID,REGION_ID,STREET_ID,ROOM_OWNER,ROOM_NUMBER) values ('9','29','5','14','145');
Insert into REGISTRATION.ROOM (ID,REGION_ID,STREET_ID,ROOM_OWNER,ROOM_NUMBER) values ('10','40','5','48','4');
Insert into REGISTRATION.ROOM (ID,REGION_ID,STREET_ID,ROOM_OWNER,ROOM_NUMBER) values ('11','2','2','45','258');
Insert into REGISTRATION.ROOM (ID,REGION_ID,STREET_ID,ROOM_OWNER,ROOM_NUMBER) values ('12','47','20','47','97');
Insert into REGISTRATION.ROOM (ID,REGION_ID,STREET_ID,ROOM_OWNER,ROOM_NUMBER) values ('13','18','19','30','289');
Insert into REGISTRATION.ROOM (ID,REGION_ID,STREET_ID,ROOM_OWNER,ROOM_NUMBER) values ('14','3','41','12','111');
Insert into REGISTRATION.ROOM (ID,REGION_ID,STREET_ID,ROOM_OWNER,ROOM_NUMBER) values ('15','39','45','1','108');
Insert into REGISTRATION.ROOM (ID,REGION_ID,STREET_ID,ROOM_OWNER,ROOM_NUMBER) values ('16','20','19','45','119');
Insert into REGISTRATION.ROOM (ID,REGION_ID,STREET_ID,ROOM_OWNER,ROOM_NUMBER) values ('17','23','3','9','269');
Insert into REGISTRATION.ROOM (ID,REGION_ID,STREET_ID,ROOM_OWNER,ROOM_NUMBER) values ('18','19','45','38','219');
Insert into REGISTRATION.ROOM (ID,REGION_ID,STREET_ID,ROOM_OWNER,ROOM_NUMBER) values ('19','29','18','8','36');
Insert into REGISTRATION.ROOM (ID,REGION_ID,STREET_ID,ROOM_OWNER,ROOM_NUMBER) values ('20','14','23','12','294');
Insert into REGISTRATION.ROOM (ID,REGION_ID,STREET_ID,ROOM_OWNER,ROOM_NUMBER) values ('21','9','36','33','15');
Insert into REGISTRATION.ROOM (ID,REGION_ID,STREET_ID,ROOM_OWNER,ROOM_NUMBER) values ('22','18','47','6','88');
Insert into REGISTRATION.ROOM (ID,REGION_ID,STREET_ID,ROOM_OWNER,ROOM_NUMBER) values ('23','18','34','38','213');
Insert into REGISTRATION.ROOM (ID,REGION_ID,STREET_ID,ROOM_OWNER,ROOM_NUMBER) values ('24','50','3','6','1');
Insert into REGISTRATION.ROOM (ID,REGION_ID,STREET_ID,ROOM_OWNER,ROOM_NUMBER) values ('25','10','14','8','159');
Insert into REGISTRATION.ROOM (ID,REGION_ID,STREET_ID,ROOM_OWNER,ROOM_NUMBER) values ('26','5','27','12','257');
Insert into REGISTRATION.ROOM (ID,REGION_ID,STREET_ID,ROOM_OWNER,ROOM_NUMBER) values ('27','7','17','25','118');
Insert into REGISTRATION.ROOM (ID,REGION_ID,STREET_ID,ROOM_OWNER,ROOM_NUMBER) values ('28','16','37','12','2');
Insert into REGISTRATION.ROOM (ID,REGION_ID,STREET_ID,ROOM_OWNER,ROOM_NUMBER) values ('29','36','10','45','61');
Insert into REGISTRATION.ROOM (ID,REGION_ID,STREET_ID,ROOM_OWNER,ROOM_NUMBER) values ('30','36','38','17','40');
Insert into REGISTRATION.ROOM (ID,REGION_ID,STREET_ID,ROOM_OWNER,ROOM_NUMBER) values ('31','12','15','1','200');
Insert into REGISTRATION.ROOM (ID,REGION_ID,STREET_ID,ROOM_OWNER,ROOM_NUMBER) values ('32','21','49','22','80');
Insert into REGISTRATION.ROOM (ID,REGION_ID,STREET_ID,ROOM_OWNER,ROOM_NUMBER) values ('33','41','9','19','122');
Insert into REGISTRATION.ROOM (ID,REGION_ID,STREET_ID,ROOM_OWNER,ROOM_NUMBER) values ('34','11','4','31','250');
Insert into REGISTRATION.ROOM (ID,REGION_ID,STREET_ID,ROOM_OWNER,ROOM_NUMBER) values ('35','2','12','21','185');
Insert into REGISTRATION.ROOM (ID,REGION_ID,STREET_ID,ROOM_OWNER,ROOM_NUMBER) values ('36','12','37','2','95');
Insert into REGISTRATION.ROOM (ID,REGION_ID,STREET_ID,ROOM_OWNER,ROOM_NUMBER) values ('37','41','36','48','259');
Insert into REGISTRATION.ROOM (ID,REGION_ID,STREET_ID,ROOM_OWNER,ROOM_NUMBER) values ('38','12','8','10','251');
Insert into REGISTRATION.ROOM (ID,REGION_ID,STREET_ID,ROOM_OWNER,ROOM_NUMBER) values ('39','31','17','26','146');
Insert into REGISTRATION.ROOM (ID,REGION_ID,STREET_ID,ROOM_OWNER,ROOM_NUMBER) values ('40','11','35','40','156');
Insert into REGISTRATION.ROOM (ID,REGION_ID,STREET_ID,ROOM_OWNER,ROOM_NUMBER) values ('41','32','45','42','76');
Insert into REGISTRATION.ROOM (ID,REGION_ID,STREET_ID,ROOM_OWNER,ROOM_NUMBER) values ('42','2','49','38','173');
Insert into REGISTRATION.ROOM (ID,REGION_ID,STREET_ID,ROOM_OWNER,ROOM_NUMBER) values ('43','29','4','25','12');
Insert into REGISTRATION.ROOM (ID,REGION_ID,STREET_ID,ROOM_OWNER,ROOM_NUMBER) values ('44','11','8','30','10');
Insert into REGISTRATION.ROOM (ID,REGION_ID,STREET_ID,ROOM_OWNER,ROOM_NUMBER) values ('45','22','38','34','217');
Insert into REGISTRATION.ROOM (ID,REGION_ID,STREET_ID,ROOM_OWNER,ROOM_NUMBER) values ('46','25','45','21','178');
Insert into REGISTRATION.ROOM (ID,REGION_ID,STREET_ID,ROOM_OWNER,ROOM_NUMBER) values ('47','33','30','4','268');
Insert into REGISTRATION.ROOM (ID,REGION_ID,STREET_ID,ROOM_OWNER,ROOM_NUMBER) values ('48','29','34','8','223');
Insert into REGISTRATION.ROOM (ID,REGION_ID,STREET_ID,ROOM_OWNER,ROOM_NUMBER) values ('49','33','44','8','98');
Insert into REGISTRATION.ROOM (ID,REGION_ID,STREET_ID,ROOM_OWNER,ROOM_NUMBER) values ('50','42','37','25','288');
REM INSERTING into REGISTRATION.STREET
SET DEFINE OFF;
Insert into REGISTRATION.STREET (ID,TITLE) values ('1','Waywood');
Insert into REGISTRATION.STREET (ID,TITLE) values ('2','Lawn');
Insert into REGISTRATION.STREET (ID,TITLE) values ('3','Sycamore');
Insert into REGISTRATION.STREET (ID,TITLE) values ('4','Longview');
Insert into REGISTRATION.STREET (ID,TITLE) values ('5','Prairieview');
Insert into REGISTRATION.STREET (ID,TITLE) values ('6','Forest Dale');
Insert into REGISTRATION.STREET (ID,TITLE) values ('7','Mayfield');
Insert into REGISTRATION.STREET (ID,TITLE) values ('8','8th');
Insert into REGISTRATION.STREET (ID,TITLE) values ('9','Sherman');
Insert into REGISTRATION.STREET (ID,TITLE) values ('10','Kingsford');
Insert into REGISTRATION.STREET (ID,TITLE) values ('11','Gateway');
Insert into REGISTRATION.STREET (ID,TITLE) values ('12','Warner');
Insert into REGISTRATION.STREET (ID,TITLE) values ('13','Scott');
Insert into REGISTRATION.STREET (ID,TITLE) values ('14','Marcy');
Insert into REGISTRATION.STREET (ID,TITLE) values ('15','Hoepker');
Insert into REGISTRATION.STREET (ID,TITLE) values ('16','Mcguire');
Insert into REGISTRATION.STREET (ID,TITLE) values ('17','Porter');
Insert into REGISTRATION.STREET (ID,TITLE) values ('18','Kingsford');
Insert into REGISTRATION.STREET (ID,TITLE) values ('19','Waubesa');
Insert into REGISTRATION.STREET (ID,TITLE) values ('20','Portage');
Insert into REGISTRATION.STREET (ID,TITLE) values ('21','Waywood');
Insert into REGISTRATION.STREET (ID,TITLE) values ('22','Grover');
Insert into REGISTRATION.STREET (ID,TITLE) values ('23','Hazelcrest');
Insert into REGISTRATION.STREET (ID,TITLE) values ('24','Westerfield');
Insert into REGISTRATION.STREET (ID,TITLE) values ('25','Barnett');
Insert into REGISTRATION.STREET (ID,TITLE) values ('26','Hollow Ridge');
Insert into REGISTRATION.STREET (ID,TITLE) values ('27','Eastwood');
Insert into REGISTRATION.STREET (ID,TITLE) values ('28','Clove');
Insert into REGISTRATION.STREET (ID,TITLE) values ('29','Maywood');
Insert into REGISTRATION.STREET (ID,TITLE) values ('30','Mosinee');
Insert into REGISTRATION.STREET (ID,TITLE) values ('31','Rutledge');
Insert into REGISTRATION.STREET (ID,TITLE) values ('32','Rigney');
Insert into REGISTRATION.STREET (ID,TITLE) values ('33','Brickson Park');
Insert into REGISTRATION.STREET (ID,TITLE) values ('34','Dorton');
Insert into REGISTRATION.STREET (ID,TITLE) values ('35','Summerview');
Insert into REGISTRATION.STREET (ID,TITLE) values ('36','Mockingbird');
Insert into REGISTRATION.STREET (ID,TITLE) values ('37','Delladonna');
Insert into REGISTRATION.STREET (ID,TITLE) values ('38','Victoria');
Insert into REGISTRATION.STREET (ID,TITLE) values ('39','Heffernan');
Insert into REGISTRATION.STREET (ID,TITLE) values ('40','Schlimgen');
Insert into REGISTRATION.STREET (ID,TITLE) values ('41','Lillian');
Insert into REGISTRATION.STREET (ID,TITLE) values ('42','Shoshone');
Insert into REGISTRATION.STREET (ID,TITLE) values ('43','Northwestern');
Insert into REGISTRATION.STREET (ID,TITLE) values ('44','Hagan');
Insert into REGISTRATION.STREET (ID,TITLE) values ('45','Menomonie');
Insert into REGISTRATION.STREET (ID,TITLE) values ('46','Sutteridge');
Insert into REGISTRATION.STREET (ID,TITLE) values ('47','Moulton');
Insert into REGISTRATION.STREET (ID,TITLE) values ('48','Pankratz');
Insert into REGISTRATION.STREET (ID,TITLE) values ('49','Mayer');
Insert into REGISTRATION.STREET (ID,TITLE) values ('50','Dexter');
